match_id,date,team1,team2,toss_winner,toss_decision,team1_score,team1_wickets,team2_score,team2_wickets,winner,player_of_match
1,2024-03-22,Royal Challengers Bangalore,Chennai Super Kings,Royal Challengers Bangalore,Bat,173,6,176,4,Chennai Super Kings,Mustafizur Rahman
2,2024-03-23,Delhi Capitals,Punjab Kings,Punjab Kings,Field,174,9,177,6,Punjab Kings,Sam Curran
3,2024-03-23,Kolkata Knight Riders,Sunrisers Hyderabad,Sunrisers Hyderabad,Field,208,7,204,7,Kolkata Knight Riders,Andre Russell
4,2024-03-24,Rajasthan Royals,Lucknow Super Giants,Rajasthan Royals,Bat,193,4,173,6,Rajasthan Royals,Sanju Samson
5,2024-03-24,Gujarat Titans,Mumbai Indians,Mumbai Indians,Field,168,6,162,9,Gujarat Titans,Sai Sudharsan
6,2024-03-25,Punjab Kings,Royal Challengers Bangalore,Royal Challengers Bangalore,Field,176,6,178,6,Royal Challengers Bangalore,Virat Kohli
7,2024-03-26,Chennai Super Kings,Gujarat Titans,Gujarat Titans,Field,206,6,143,8,Chennai Super Kings,Shivam Dube
8,2024-03-27,Sunrisers Hyderabad,Mumbai Indians,Mumbai Indians,Field,277,3,246,5,Sunrisers Hyderabad,Abhishek Sharma
9,2024-03-28,Rajasthan Royals,Delhi Capitals,Delhi Capitals,Field,185,5,173,5,Rajasthan Royals,Riyan Parag
10,2024-03-29,Royal Challengers Bangalore,Kolkata Knight Riders,Kolkata Knight Riders,Field,182,6,186,3,Kolkata Knight Riders,Sunil Narine
11,2024-03-30,Lucknow Super Giants,Punjab Kings,Lucknow Super Giants,Bat,199,8,178,5,Lucknow Super Giants,Mayank Yadav
12,2024-03-31,Sunrisers Hyderabad,Gujarat Titans,Sunrisers Hyderabad,Bat,162,8,168,3,Gujarat Titans,Mohit Sharma
13,2024-03-31,Delhi Capitals,Chennai Super Kings,Delhi Capitals,Bat,191,5,171,6,Delhi Capitals,Khaleel Ahmed
14,2024-04-01,Mumbai Indians,Rajasthan Royals,Rajasthan Royals,Field,125,9,127,4,Rajasthan Royals,Trent Boult
15,2024-04-02,Lucknow Super Giants,Royal Challengers Bangalore,Royal Challengers Bangalore,Field,181,5,153,10,Lucknow Super Giants,Mayank Yadav
16,2024-04-03,Kolkata Knight Riders,Delhi Capitals,Kolkata Knight Riders,Bat,272,7,166,10,Kolkata Knight Riders,Sunil Narine
17,2024-04-04,Gujarat Titans,Punjab Kings,Punjab Kings,Field,199,4,200,7,Punjab Kings,Shashank Singh
18,2024-04-05,Chennai Super Kings,Sunrisers Hyderabad,Sunrisers Hyderabad,Field,165,5,166,4,Sunrisers Hyderabad,Abhishek Sharma
19,2024-04-06,Royal Challengers Bangalore,Rajasthan Royals,Rajasthan Royals,Field,183,3,189,4,Rajasthan Royals,Jos Buttler
20,2024-04-07,Mumbai Indians,Delhi Capitals,Delhi Capitals,Field,234,5,205,8,Mumbai Indians,Romario Shepherd
21,2024-04-07,Lucknow Super Giants,Gujarat Titans,Lucknow Super Giants,Bat,163,5,130,10,Lucknow Super Giants,Yash Thakur
22,2024-04-08,Kolkata Knight Riders,Chennai Super Kings,Chennai Super Kings,Field,137,9,141,3,Chennai Super Kings,Ravindra Jadeja
23,2024-04-09,Sunrisers Hyderabad,Punjab Kings,Punjab Kings,Field,182,9,180,6,Sunrisers Hyderabad,Nitish Kumar Reddy
24,2024-04-10,Rajasthan Royals,Gujarat Titans,Gujarat Titans,Field,196,3,199,7,Gujarat Titans,Rashid Khan
25,2024-04-11,Royal Challengers Bangalore,Mumbai Indians,Mumbai Indians,Field,196,8,199,3,Mumbai Indians,Jasprit Bumrah
26,2024-04-12,Lucknow Super Giants,Delhi Capitals,Lucknow Super Giants,Bat,167,7,170,4,Delhi Capitals,Kuldeep Yadav
27,2024-04-13,Punjab Kings,Rajasthan Royals,Rajasthan Royals,Field,147,8,152,7,Rajasthan Royals,Shimron Hetmyer
28,2024-04-14,Lucknow Super Giants,Kolkata Knight Riders,Kolkata Knight Riders,Field,161,7,162,2,Kolkata Knight Riders,Phil Salt
29,2024-04-14,Chennai Super Kings,Mumbai Indians,Mumbai Indians,Field,206,4,186,6,Chennai Super Kings,Matheesha Pathirana
30,2024-04-15,Sunrisers Hyderabad,Royal Challengers Bangalore,Royal Challengers Bangalore,Field,187,3,262,7,Sunrisers Hyderabad,Travis Head
